Task,Name,Result,Engine,Bound,Time,Note
"<embedded>","arith.i_arith.APB_ILLEGAL_SEL_VALUE_ERR","proven","PRE","Infinite","0.000 s",""
"<embedded>","arith.i_arith.APB_ILLEGAL_ADDR_VALUE_ERR","proven","PRE","Infinite","0.000 s",""
"<embedded>","arith.i_arith.APB_ILLEGAL_WRITE_VALUE_ERR","proven","PRE","Infinite","0.000 s",""
"<embedded>","arith.i_arith.APB_ILLEGAL_ENABLE_VALUE_ERR","proven","PRE","Infinite","0.000 s",""
"<embedded>","arith.i_arith.APB_ILLEGAL_READY_VALUE_ERR","proven","PRE","Infinite","0.000 s",""
"<embedded>","arith.i_arith.APB_ILLEGAL_SLVERR_VALUE_ERR","proven","PRE","Infinite","0.000 s",""
"<embedded>","arith.i_arith.APB_ILLEGAL_SEL_VALUE_POST_RESET_ERR","cex","N","1","0.000 s",""
"<embedded>","arith.i_arith.APB_ILLEGAL_SEL_VALUE_POST_RESET_ERR:precondition1","covered","N","1","0.000 s",""
"<embedded>","arith.i_arith.APB_ILLEGAL_ENABLE_VALUE_POST_RESET_ERR","cex","N","1","0.001 s",""
"<embedded>","arith.i_arith.APB_ILLEGAL_ENABLE_VALUE_POST_RESET_ERR:precondition1","covered","N","1","0.000 s",""
"<embedded>","arith.i_arith.APB_ILLEGAL_SLVERR_VALUE_POST_RESET_ERR","cex","N","1","0.000 s",""
"<embedded>","arith.i_arith.APB_ILLEGAL_SLVERR_VALUE_POST_RESET_ERR:precondition1","covered","N","1","0.000 s",""
"<embedded>","arith.i_arith.APB_ILLEGAL_SEL_TRANSITION_TR_PHASES_ERR","cex","N","1","0.000 s",""
"<embedded>","arith.i_arith.APB_ILLEGAL_SEL_TRANSITION_DURING_TRANSFER_ERR","cex","N","1","0.000 s",""
"<embedded>","arith.i_arith.APB_ILLEGAL_SEL_TRANSITION_DURING_TRANSFER_ERR:precondition1","covered","N","1","0.000 s",""
"<embedded>","arith.i_arith.APB_ILLEGAL_SEL_MINIMUM_TIME_ERR","cex","N","2","0.002 s",""
"<embedded>","arith.i_arith.APB_ILLEGAL_SEL_MINIMUM_TIME_ERR:precondition1","covered","N","1","0.002 s",""
"<embedded>","arith.i_arith.APB_ILLEGAL_ENABLE_FALL_TOWARDS_SEL_FALL_ERR","cex","N","1","0.000 s",""
"<embedded>","arith.i_arith.APB_ILLEGAL_ENABLE_FALL_TOWARDS_SEL_FALL_ERR:precondition1","covered","N","1","0.000 s",""
"<embedded>","arith.i_arith.APB_ILLEGAL_ADDR_TRANSITION_DURING_TRANSFER_ERR","cex","Hp","1 + 1","0.000 s",""
"<embedded>","arith.i_arith.APB_ILLEGAL_ADDR_TRANSITION_DURING_TRANSFER_ERR:precondition1","covered","Hp","1","0.002 s",""
"<embedded>","arith.i_arith.APB_ILLEGAL_WRITE_TRANSITION_DURING_TRANSFER_ERR","cex","Hp","1 + 1","0.000 s",""
"<embedded>","arith.i_arith.APB_ILLEGAL_WRITE_TRANSITION_DURING_TRANSFER_ERR:precondition1","covered","Hp","1","0.002 s",""
"<embedded>","arith.i_arith.APB_ILLEGAL_WDATA_TRANSITION_DURING_TRANSFER_ERR","cex","Hp","1 + 1","0.008 s",""
"<embedded>","arith.i_arith.APB_ILLEGAL_WDATA_TRANSITION_DURING_TRANSFER_ERR:precondition1","covered","Hp","1","0.002 s",""
"<embedded>","arith.i_arith.APB_ILLEGAL_ENABLE_ASSERTION_TIME_ERR","cex","N","2","0.002 s",""
"<embedded>","arith.i_arith.APB_ILLEGAL_ENABLE_ASSERTION_TIME_ERR:precondition1","covered","N","1","0.002 s",""
"<embedded>","arith.i_arith.APB_ILLEGAL_ENABLE_TRANSITION_DURING_READY_CHANGES_ERR","cex","Hp","2","0.023 s",""
"<embedded>","arith.i_arith.APB_ILLEGAL_ENABLE_TRANSITION_DURING_READY_CHANGES_ERR:precondition1","covered","N","1","0.000 s",""
"<embedded>","arith.i_arith.APB_ILLEGAL_ENABLE_VALUE_BETWEEN_TRANSFERS_ERR","cex","N","1","0.000 s",""
"<embedded>","arith.i_arith.APB_ILLEGAL_ENABLE_VALUE_BETWEEN_TRANSFERS_ERR:precondition1","covered","N","1","0.000 s",""
"<embedded>","arith.i_arith.APB_ILLEGAL_ENABLE_DEASSERTION_TIME_ERR","cex","Hp","2","0.023 s",""
"<embedded>","arith.i_arith.APB_ILLEGAL_ENABLE_DEASSERTION_TIME_ERR:precondition1","covered","Hp","1","0.002 s",""
"<embedded>","arith.i_arith.APB_ILLEGAL_READY_MAXIMUM_LOW_TIME_ERR","cex","Hp","1 + 1","0.001 s",""
"<embedded>","arith.i_arith.APB_ILLEGAL_READY_MAXIMUM_LOW_TIME_ERR:precondition1","covered","Hp","1","0.002 s",""
"<embedded>","arith.i_arith.APB_ILLEGAL_RDATA_TRANSITION_DURING_TRANSFER_ERR","cex","Hp","1","0.003 s",""
"<embedded>","arith.i_arith.APB_ILLEGAL_RDATA_TRANSITION_DURING_TRANSFER_ERR:precondition1","covered","Hp","1","0.003 s",""
"<embedded>","arith.i_arith.APB_ILLEGAL_SLVERR_VALUE_CONDITION_ERR","cex","Hp","1","0.002 s",""
"<embedded>","arith.i_arith.APB_ILLEGAL_SLVERR_VALUE_CONDITION_ERR:precondition1","covered","N","1","0.000 s",""
"<embedded>","arith.i_arith.APB_ILLEGAL_SLVERR_ASSERTION_TIME_ERR","cex","Hp","2","0.023 s",""
"<embedded>","arith.i_arith.APB_ILLEGAL_SLVERR_ASSERTION_TIME_ERR:precondition1","covered","Hp","1","0.003 s",""
"<embedded>","arith.i_arith.APB_ILLEGAL_SLVERR_READ_ERR","cex","Hp","1","0.004 s",""
"<embedded>","arith.i_arith.APB_ILLEGAL_SLVERR_READ_ERR:precondition1","covered","Hp","1","0.004 s",""
"<embedded>","arith.i_arith.APB_ILLEGAL_SLVERR_WRITE_ERR","cex","Hp","1","0.011 s",""
"<embedded>","arith.i_arith.APB_ILLEGAL_SLVERR_WRITE_ERR:precondition1","covered","Hp","1","0.011 s",""
"<embedded>","arith.i_arith.APB_ILLEGAL_SEL_VALUE_CVR","covered","N","1","0.000 s",""
"<embedded>","arith.i_arith.APB_ILLEGAL_ADDR_VALUE_CVR","covered","N","1","0.000 s",""
"<embedded>","arith.i_arith.APB_ILLEGAL_WRITE_VALUE_CVR","covered","N","1","0.000 s",""
"<embedded>","arith.i_arith.APB_ILLEGAL_ENABLE_VALUE_CVR","covered","N","1","0.000 s",""
"<embedded>","arith.i_arith.APB_ILLEGAL_READY_VALUE_CVR","covered","N","1","0.000 s",""
"<embedded>","arith.i_arith.APB_ILLEGAL_SLVERR_VALUE_CVR","covered","N","1","0.000 s",""
"<embedded>","arith.i_arith.APB_ILLEGAL_SEL_VALUE_POST_RESET_CVR","covered","N","1","0.002 s",""
"<embedded>","arith.i_arith.APB_ILLEGAL_ENABLE_VALUE_POST_RESET_CVR","covered","N","1","0.000 s",""
"<embedded>","arith.i_arith.APB_ILLEGAL_SLVERR_VALUE_POST_RESET_CVR","covered","N","1","0.000 s",""
"<embedded>","arith.i_arith.APB_ILLEGAL_SEL_TRANSITION_TR_PHASES_CVR","covered","Hp","1","0.013 s",""
"<embedded>","arith.i_arith.APB_ILLEGAL_SEL_TRANSITION_DURING_TRANSFER_CVR","covered","Hp","1","0.014 s",""
"<embedded>","arith.i_arith.APB_ILLEGAL_SEL_MINIMUM_TIME_CVR","covered","Hp","2","0.024 s",""
"<embedded>","arith.i_arith.APB_ILLEGAL_ENABLE_FALL_TOWARDS_SEL_FALL_CVR","covered","N","1","0.001 s",""
"<embedded>","arith.i_arith.APB_ILLEGAL_ADDR_TRANSITION_DURING_TRANSFER_CVR","covered","Hp","2","0.024 s",""
"<embedded>","arith.i_arith.APB_ILLEGAL_WRITE_TRANSITION_DURING_TRANSFER_CVR","covered","Hp","2","0.023 s",""
"<embedded>","arith.i_arith.APB_ILLEGAL_WDATA_TRANSITION_DURING_TRANSFER_CVR","covered","Hp","2","0.023 s",""
"<embedded>","arith.i_arith.APB_ILLEGAL_ENABLE_ASSERTION_TIME_CVR","covered","Hp","2","0.032 s",""
"<embedded>","arith.i_arith.APB_ILLEGAL_ENABLE_TRANSITION_DURING_READY_CHANGES_CVR","covered","Hp","2","0.033 s",""
"<embedded>","arith.i_arith.APB_ILLEGAL_ENABLE_VALUE_BETWEEN_TRANSFERS_CVR","covered","N","1","0.000 s",""
"<embedded>","arith.i_arith.APB_ILLEGAL_ENABLE_DEASSERTION_TIME_CVR","covered","Hp","2","0.024 s",""
"<embedded>","arith.i_arith.APB_ILLEGAL_READY_MAXIMUM_LOW_TIME_CVR","covered","Hp","2","0.023 s",""
"<embedded>","arith.i_arith.APB_ILLEGAL_RDATA_TRANSITION_DURING_TRANSFER_CVR","covered","Hp","1","0.015 s",""
"<embedded>","arith.i_arith.APB_ILLEGAL_SLVERR_VALUE_CONDITION_CVR","covered","N","1","0.000 s",""
"<embedded>","arith.i_arith.APB_ILLEGAL_SLVERR_ASSERTION_TIME_CVR","covered","Hp","2","0.033 s",""
"<embedded>","arith.i_arith.APB_ILLEGAL_SLVERR_READ_CVR","covered","Hp","1","0.015 s",""
"<embedded>","arith.i_arith.APB_ILLEGAL_SLVERR_WRITE_CVR","covered","Hp","1","0.022 s",""
